Fecha,Clasificacion
2021-01-01,Festivo
2021-01-02,Sábado
2021-01-03,Domingo
2021-01-04,No Festivo
2021-01-05,No Festivo
2021-01-06,No Festivo
2021-01-07,No Festivo
2021-01-08,No Festivo
2021-01-09,Sábado
2021-01-10,Domingo
2021-01-11,Festivo
2021-01-12,No Festivo
2021-01-13,No Festivo
2021-01-14,No Festivo
2021-01-15,No Festivo
2021-01-16,Sábado
2021-01-17,Domingo
2021-01-18,No Festivo
2021-01-19,No Festivo
2021-01-20,No Festivo
2021-01-21,No Festivo
2021-01-22,No Festivo
2021-01-23,Sábado
2021-01-24,Domingo
2021-01-25,No Festivo
2021-01-26,No Festivo
2021-01-27,No Festivo
2021-01-28,No Festivo
2021-01-29,No Festivo
2021-01-30,Sábado
2021-01-31,Domingo
2021-02-01,No Festivo
2021-02-02,No Festivo
2021-02-03,No Festivo
2021-02-04,No Festivo
2021-02-05,No Festivo
2021-02-06,Sábado
2021-02-07,Domingo
2021-02-08,No Festivo
2021-02-09,No Festivo
2021-02-10,No Festivo
2021-02-11,No Festivo
2021-02-12,No Festivo
2021-02-13,Sábado
2021-02-14,Domingo
2021-02-15,No Festivo
2021-02-16,No Festivo
2021-02-17,No Festivo
2021-02-18,No Festivo
2021-02-19,No Festivo
2021-02-20,Sábado
2021-02-21,Domingo
2021-02-22,No Festivo
2021-02-23,No Festivo
2021-02-24,No Festivo
2021-02-25,No Festivo
2021-02-26,No Festivo
2021-02-27,Sábado
2021-02-28,Domingo
2021-03-01,No Festivo
2021-03-02,No Festivo
2021-03-03,No Festivo
2021-03-04,No Festivo
2021-03-05,No Festivo
2021-03-06,Sábado
2021-03-07,Domingo
2021-03-08,No Festivo
2021-03-09,No Festivo
2021-03-10,No Festivo
2021-03-11,No Festivo
2021-03-12,No Festivo
2021-03-13,Sábado
2021-03-14,Domingo
2021-03-15,No Festivo
2021-03-16,No Festivo
2021-03-17,No Festivo
2021-03-18,No Festivo
2021-03-19,No Festivo
2021-03-20,Sábado
2021-03-21,Domingo
2021-03-22,Festivo
2021-03-23,No Festivo
2021-03-24,No Festivo
2021-03-25,No Festivo
2021-03-26,No Festivo
2021-03-27,Sábado
2021-03-28,Domingo
2021-03-29,No Festivo
2021-03-30,No Festivo
2021-03-31,No Festivo
2021-04-01,Festivo
2021-04-02,Festivo
2021-04-03,Sábado
2021-04-04,Domingo
2021-04-05,No Festivo
2021-04-06,No Festivo
2021-04-07,No Festivo
2021-04-08,No Festivo
2021-04-09,No Festivo
2021-04-10,Sábado
2021-04-11,Domingo
2021-04-12,No Festivo
2021-04-13,No Festivo
2021-04-14,No Festivo
2021-04-15,No Festivo
2021-04-16,No Festivo
2021-04-17,Sábado
2021-04-18,Domingo
2021-04-19,No Festivo
2021-04-20,No Festivo
2021-04-21,No Festivo
2021-04-22,No Festivo
2021-04-23,No Festivo
2021-04-24,Sábado
2021-04-25,Domingo
2021-04-26,No Festivo
2021-04-27,No Festivo
2021-04-28,No Festivo
2021-04-29,No Festivo
2021-04-30,No Festivo
2021-05-01,Festivo
2021-05-02,Domingo
2021-05-03,No Festivo
2021-05-04,No Festivo
2021-05-05,No Festivo
2021-05-06,No Festivo
2021-05-07,No Festivo
2021-05-08,Sábado
2021-05-09,Domingo
2021-05-10,No Festivo
2021-05-11,No Festivo
2021-05-12,No Festivo
2021-05-13,No Festivo
2021-05-14,No Festivo
2021-05-15,Sábado
2021-05-16,Domingo
2021-05-17,Festivo
2021-05-18,No Festivo
2021-05-19,No Festivo
2021-05-20,No Festivo
2021-05-21,No Festivo
2021-05-22,Sábado
2021-05-23,Domingo
2021-05-24,No Festivo
2021-05-25,No Festivo
2021-05-26,No Festivo
2021-05-27,No Festivo
2021-05-28,No Festivo
2021-05-29,Sábado
2021-05-30,Domingo
2021-05-31,No Festivo
2021-06-01,No Festivo
2021-06-02,No Festivo
2021-06-03,No Festivo
2021-06-04,No Festivo
2021-06-05,Sábado
2021-06-06,Domingo
2021-06-07,Festivo
2021-06-08,No Festivo
2021-06-09,No Festivo
2021-06-10,No Festivo
2021-06-11,No Festivo
2021-06-12,Sábado
2021-06-13,Domingo
2021-06-14,Festivo
2021-06-15,No Festivo
2021-06-16,No Festivo
2021-06-17,No Festivo
2021-06-18,No Festivo
2021-06-19,Sábado
2021-06-20,Domingo
2021-06-21,No Festivo
2021-06-22,No Festivo
2021-06-23,No Festivo
2021-06-24,No Festivo
2021-06-25,No Festivo
2021-06-26,Sábado
2021-06-27,Domingo
2021-06-28,No Festivo
2021-06-29,No Festivo
2021-06-30,No Festivo
2021-07-01,No Festivo
2021-07-02,No Festivo
2021-07-03,Sábado
2021-07-04,Domingo
2021-07-05,Festivo
2021-07-06,No Festivo
2021-07-07,No Festivo
2021-07-08,No Festivo
2021-07-09,No Festivo
2021-07-10,Sábado
2021-07-11,Domingo
2021-07-12,No Festivo
2021-07-13,No Festivo
2021-07-14,No Festivo
2021-07-15,No Festivo
2021-07-16,No Festivo
2021-07-17,Sábado
2021-07-18,Domingo
2021-07-19,No Festivo
2021-07-20,Festivo
2021-07-21,No Festivo
2021-07-22,No Festivo
2021-07-23,No Festivo
2021-07-24,Sábado
2021-07-25,Domingo
2021-07-26,No Festivo
2021-07-27,No Festivo
2021-07-28,No Festivo
2021-07-29,No Festivo
2021-07-30,No Festivo
2021-07-31,Sábado
2021-08-01,Domingo
2021-08-02,No Festivo
2021-08-03,No Festivo
2021-08-04,No Festivo
2021-08-05,No Festivo
2021-08-06,No Festivo
2021-08-07,Festivo
2021-08-08,Domingo
2021-08-09,No Festivo
2021-08-10,No Festivo
2021-08-11,No Festivo
2021-08-12,No Festivo
2021-08-13,No Festivo
2021-08-14,Sábado
2021-08-15,Domingo
2021-08-16,Festivo
2021-08-17,No Festivo
2021-08-18,No Festivo
2021-08-19,No Festivo
2021-08-20,No Festivo
2021-08-21,Sábado
2021-08-22,Domingo
2021-08-23,No Festivo
2021-08-24,No Festivo
2021-08-25,No Festivo
2021-08-26,No Festivo
2021-08-27,No Festivo
2021-08-28,Sábado
2021-08-29,Domingo
2021-08-30,No Festivo
2021-08-31,No Festivo
2021-09-01,No Festivo
2021-09-02,No Festivo
2021-09-03,No Festivo
2021-09-04,Sábado
2021-09-05,Domingo
2021-09-06,No Festivo
2021-09-07,No Festivo
2021-09-08,No Festivo
2021-09-09,No Festivo
2021-09-10,No Festivo
2021-09-11,Sábado
2021-09-12,Domingo
2021-09-13,No Festivo
2021-09-14,No Festivo
2021-09-15,No Festivo
2021-09-16,No Festivo
2021-09-17,No Festivo
2021-09-18,Sábado
2021-09-19,Domingo
2021-09-20,No Festivo
2021-09-21,No Festivo
2021-09-22,No Festivo
2021-09-23,No Festivo
2021-09-24,No Festivo
2021-09-25,Sábado
2021-09-26,Domingo
2021-09-27,No Festivo
2021-09-28,No Festivo
2021-09-29,No Festivo
2021-09-30,No Festivo
2021-10-01,No Festivo
2021-10-02,Sábado
2021-10-03,Domingo
2021-10-04,No Festivo
2021-10-05,No Festivo
2021-10-06,No Festivo
2021-10-07,No Festivo
2021-10-08,No Festivo
2021-10-09,Sábado
2021-10-10,Domingo
2021-10-11,No Festivo
2021-10-12,No Festivo
2021-10-13,No Festivo
2021-10-14,No Festivo
2021-10-15,No Festivo
2021-10-16,Sábado
2021-10-17,Domingo
2021-10-18,Festivo
2021-10-19,No Festivo
2021-10-20,No Festivo
2021-10-21,No Festivo
2021-10-22,No Festivo
2021-10-23,Sábado
2021-10-24,Domingo
2021-10-25,No Festivo
2021-10-26,No Festivo
2021-10-27,No Festivo
2021-10-28,No Festivo
2021-10-29,No Festivo
2021-10-30,Sábado
2021-10-31,Domingo
2021-11-01,Festivo
2021-11-02,No Festivo
2021-11-03,No Festivo
2021-11-04,No Festivo
2021-11-05,No Festivo
2021-11-06,Sábado
2021-11-07,Domingo
2021-11-08,No Festivo
2021-11-09,No Festivo
2021-11-10,No Festivo
2021-11-11,No Festivo
2021-11-12,No Festivo
2021-11-13,Sábado
2021-11-14,Domingo
2021-11-15,Festivo
2021-11-16,No Festivo
2021-11-17,No Festivo
2021-11-18,No Festivo
2021-11-19,No Festivo
2021-11-20,Sábado
2021-11-21,Domingo
2021-11-22,No Festivo
2021-11-23,No Festivo
2021-11-24,No Festivo
2021-11-25,No Festivo
2021-11-26,No Festivo
2021-11-27,Sábado
2021-11-28,Domingo
2021-11-29,No Festivo
2021-11-30,No Festivo
2021-12-01,No Festivo
2021-12-02,No Festivo
2021-12-03,No Festivo
2021-12-04,Sábado
2021-12-05,Domingo
2021-12-06,No Festivo
2021-12-07,No Festivo
2021-12-08,Festivo
2021-12-09,No Festivo
2021-12-10,No Festivo
2021-12-11,Sábado
2021-12-12,Domingo
2021-12-13,No Festivo
2021-12-14,No Festivo
2021-12-15,No Festivo
2021-12-16,No Festivo
2021-12-17,No Festivo
2021-12-18,Sábado
2021-12-19,Domingo
2021-12-20,No Festivo
2021-12-21,No Festivo
2021-12-22,No Festivo
2021-12-23,No Festivo
2021-12-24,No Festivo
2021-12-25,Festivo
2021-12-26,Domingo
2021-12-27,No Festivo
2021-12-28,No Festivo
2021-12-29,No Festivo
2021-12-30,No Festivo
2021-12-31,No Festivo
2022-01-01,Festivo
2022-01-02,Domingo
2022-01-03,No Festivo
2022-01-04,No Festivo
2022-01-05,No Festivo
2022-01-06,No Festivo
2022-01-07,No Festivo
2022-01-08,Sábado
2022-01-09,Domingo
2022-01-10,Festivo
2022-01-11,No Festivo
2022-01-12,No Festivo
2022-01-13,No Festivo
2022-01-14,No Festivo
2022-01-15,Sábado
2022-01-16,Domingo
2022-01-17,No Festivo
2022-01-18,No Festivo
2022-01-19,No Festivo
2022-01-20,No Festivo
2022-01-21,No Festivo
2022-01-22,Sábado
2022-01-23,Domingo
2022-01-24,No Festivo
2022-01-25,No Festivo
2022-01-26,No Festivo
2022-01-27,No Festivo
2022-01-28,No Festivo
2022-01-29,Sábado
2022-01-30,Domingo
2022-01-31,No Festivo
2022-02-01,No Festivo
2022-02-02,No Festivo
2022-02-03,No Festivo
2022-02-04,No Festivo
2022-02-05,Sábado
2022-02-06,Domingo
2022-02-07,No Festivo
2022-02-08,No Festivo
2022-02-09,No Festivo
2022-02-10,No Festivo
2022-02-11,No Festivo
2022-02-12,Sábado
2022-02-13,Domingo
2022-02-14,No Festivo
2022-02-15,No Festivo
2022-02-16,No Festivo
2022-02-17,No Festivo
2022-02-18,No Festivo
2022-02-19,Sábado
2022-02-20,Domingo
2022-02-21,No Festivo
2022-02-22,No Festivo
2022-02-23,No Festivo
2022-02-24,No Festivo
2022-02-25,No Festivo
2022-02-26,Sábado
2022-02-27,Domingo
2022-02-28,No Festivo
2022-03-01,No Festivo
2022-03-02,No Festivo
2022-03-03,No Festivo
2022-03-04,No Festivo
2022-03-05,Sábado
2022-03-06,Domingo
2022-03-07,No Festivo
2022-03-08,No Festivo
2022-03-09,No Festivo
2022-03-10,No Festivo
2022-03-11,No Festivo
2022-03-12,Sábado
2022-03-13,Domingo
2022-03-14,No Festivo
2022-03-15,No Festivo
2022-03-16,No Festivo
2022-03-17,No Festivo
2022-03-18,No Festivo
2022-03-19,Sábado
2022-03-20,Domingo
2022-03-21,Festivo
2022-03-22,No Festivo
2022-03-23,No Festivo
2022-03-24,No Festivo
2022-03-25,No Festivo
2022-03-26,Sábado
2022-03-27,Domingo
2022-03-28,No Festivo
2022-03-29,No Festivo
2022-03-30,No Festivo
2022-03-31,No Festivo
2022-04-01,No Festivo
2022-04-02,Sábado
2022-04-03,Domingo
2022-04-04,No Festivo
2022-04-05,No Festivo
2022-04-06,No Festivo
2022-04-07,No Festivo
2022-04-08,No Festivo
2022-04-09,Sábado
2022-04-10,Domingo
2022-04-11,No Festivo
2022-04-12,No Festivo
2022-04-13,No Festivo
2022-04-14,Festivo
2022-04-15,Festivo
2022-04-16,Sábado
2022-04-17,Domingo
2022-04-18,No Festivo
2022-04-19,No Festivo
2022-04-20,No Festivo
2022-04-21,No Festivo
2022-04-22,No Festivo
2022-04-23,Sábado
2022-04-24,Domingo
2022-04-25,No Festivo
2022-04-26,No Festivo
2022-04-27,No Festivo
2022-04-28,No Festivo
2022-04-29,No Festivo
2022-04-30,Sábado
2022-05-01,Festivo
2022-05-02,No Festivo
2022-05-03,No Festivo
2022-05-04,No Festivo
2022-05-05,No Festivo
2022-05-06,No Festivo
2022-05-07,Sábado
2022-05-08,Domingo
2022-05-09,No Festivo
2022-05-10,No Festivo
2022-05-11,No Festivo
2022-05-12,No Festivo
2022-05-13,No Festivo
2022-05-14,Sábado
2022-05-15,Domingo
2022-05-16,No Festivo
2022-05-17,No Festivo
2022-05-18,No Festivo
2022-05-19,No Festivo
2022-05-20,No Festivo
2022-05-21,Sábado
2022-05-22,Domingo
2022-05-23,No Festivo
2022-05-24,No Festivo
2022-05-25,No Festivo
2022-05-26,No Festivo
2022-05-27,No Festivo
2022-05-28,Sábado
2022-05-29,Domingo
2022-05-30,Festivo
2022-05-31,No Festivo
2022-06-01,No Festivo
2022-06-02,No Festivo
2022-06-03,No Festivo
2022-06-04,Sábado
2022-06-05,Domingo
2022-06-06,No Festivo
2022-06-07,No Festivo
2022-06-08,No Festivo
2022-06-09,No Festivo
2022-06-10,No Festivo
2022-06-11,Sábado
2022-06-12,Domingo
2022-06-13,No Festivo
2022-06-14,No Festivo
2022-06-15,No Festivo
2022-06-16,No Festivo
2022-06-17,No Festivo
2022-06-18,Sábado
2022-06-19,Domingo
2022-06-20,Festivo
2022-06-21,No Festivo
2022-06-22,No Festivo
2022-06-23,No Festivo
2022-06-24,No Festivo
2022-06-25,Sábado
2022-06-26,Domingo
2022-06-27,Festivo
2022-06-28,No Festivo
2022-06-29,No Festivo
2022-06-30,No Festivo
2022-07-01,No Festivo
2022-07-02,Sábado
2022-07-03,Domingo
2022-07-04,Festivo
2022-07-05,No Festivo
2022-07-06,No Festivo
2022-07-07,No Festivo
2022-07-08,No Festivo
2022-07-09,Sábado
2022-07-10,Domingo
2022-07-11,No Festivo
2022-07-12,No Festivo
2022-07-13,No Festivo
2022-07-14,No Festivo
2022-07-15,No Festivo
2022-07-16,Sábado
2022-07-17,Domingo
2022-07-18,No Festivo
2022-07-19,No Festivo
2022-07-20,Festivo
2022-07-21,No Festivo
2022-07-22,No Festivo
2022-07-23,Sábado
2022-07-24,Domingo
2022-07-25,No Festivo
2022-07-26,No Festivo
2022-07-27,No Festivo
2022-07-28,No Festivo
2022-07-29,No Festivo
2022-07-30,Sábado
2022-07-31,Domingo
2022-08-01,No Festivo
2022-08-02,No Festivo
2022-08-03,No Festivo
2022-08-04,No Festivo
2022-08-05,No Festivo
2022-08-06,Sábado
2022-08-07,Festivo
2022-08-08,No Festivo
2022-08-09,No Festivo
2022-08-10,No Festivo
2022-08-11,No Festivo
2022-08-12,No Festivo
2022-08-13,Sábado
2022-08-14,Domingo
2022-08-15,Festivo
2022-08-16,No Festivo
2022-08-17,No Festivo
2022-08-18,No Festivo
2022-08-19,No Festivo
2022-08-20,Sábado
2022-08-21,Domingo
2022-08-22,No Festivo
2022-08-23,No Festivo
2022-08-24,No Festivo
2022-08-25,No Festivo
2022-08-26,No Festivo
2022-08-27,Sábado
2022-08-28,Domingo
2022-08-29,No Festivo
2022-08-30,No Festivo
2022-08-31,No Festivo
2022-09-01,No Festivo
2022-09-02,No Festivo
2022-09-03,Sábado
2022-09-04,Domingo
2022-09-05,No Festivo
2022-09-06,No Festivo
2022-09-07,No Festivo
2022-09-08,No Festivo
2022-09-09,No Festivo
2022-09-10,Sábado
2022-09-11,Domingo
2022-09-12,No Festivo
2022-09-13,No Festivo
2022-09-14,No Festivo
2022-09-15,No Festivo
2022-09-16,No Festivo
2022-09-17,Sábado
2022-09-18,Domingo
2022-09-19,No Festivo
2022-09-20,No Festivo
2022-09-21,No Festivo
2022-09-22,No Festivo
2022-09-23,No Festivo
2022-09-24,Sábado
2022-09-25,Domingo
2022-09-26,No Festivo
2022-09-27,No Festivo
2022-09-28,No Festivo
2022-09-29,No Festivo
2022-09-30,No Festivo
2022-10-01,Sábado
2022-10-02,Domingo
2022-10-03,No Festivo
2022-10-04,No Festivo
2022-10-05,No Festivo
2022-10-06,No Festivo
2022-10-07,No Festivo
2022-10-08,Sábado
2022-10-09,Domingo
2022-10-10,No Festivo
2022-10-11,No Festivo
2022-10-12,No Festivo
2022-10-13,No Festivo
2022-10-14,No Festivo
2022-10-15,Sábado
2022-10-16,Domingo
2022-10-17,Festivo
2022-10-18,No Festivo
2022-10-19,No Festivo
2022-10-20,No Festivo
2022-10-21,No Festivo
2022-10-22,Sábado
2022-10-23,Domingo
2022-10-24,No Festivo
2022-10-25,No Festivo
2022-10-26,No Festivo
2022-10-27,No Festivo
2022-10-28,No Festivo
2022-10-29,Sábado
2022-10-30,Domingo
2022-10-31,No Festivo
2022-11-01,No Festivo
2022-11-02,No Festivo
2022-11-03,No Festivo
2022-11-04,No Festivo
2022-11-05,Sábado
2022-11-06,Domingo
2022-11-07,Festivo
2022-11-08,No Festivo
2022-11-09,No Festivo
2022-11-10,No Festivo
2022-11-11,No Festivo
2022-11-12,Sábado
2022-11-13,Domingo
2022-11-14,Festivo
2022-11-15,No Festivo
2022-11-16,No Festivo
2022-11-17,No Festivo
2022-11-18,No Festivo
2022-11-19,Sábado
2022-11-20,Domingo
2022-11-21,No Festivo
2022-11-22,No Festivo
2022-11-23,No Festivo
2022-11-24,No Festivo
2022-11-25,No Festivo
2022-11-26,Sábado
2022-11-27,Domingo
2022-11-28,No Festivo
2022-11-29,No Festivo
2022-11-30,No Festivo
2022-12-01,No Festivo
2022-12-02,No Festivo
2022-12-03,Sábado
2022-12-04,Domingo
2022-12-05,No Festivo
2022-12-06,No Festivo
2022-12-07,No Festivo
2022-12-08,Festivo
2022-12-09,No Festivo
2022-12-10,Sábado
2022-12-11,Domingo
2022-12-12,No Festivo
2022-12-13,No Festivo
2022-12-14,No Festivo
2022-12-15,No Festivo
2022-12-16,No Festivo
2022-12-17,Sábado
2022-12-18,Domingo
2022-12-19,No Festivo
2022-12-20,No Festivo
2022-12-21,No Festivo
2022-12-22,No Festivo
2022-12-23,No Festivo
2022-12-24,Sábado
2022-12-25,Festivo
2022-12-26,No Festivo
2022-12-27,No Festivo
2022-12-28,No Festivo
2022-12-29,No Festivo
2022-12-30,No Festivo
2022-12-31,Sábado
2023-01-01,Festivo
2023-01-02,No Festivo
2023-01-03,No Festivo
2023-01-04,No Festivo
2023-01-05,No Festivo
2023-01-06,No Festivo
2023-01-07,Sábado
2023-01-08,Domingo
2023-01-09,Festivo
2023-01-10,No Festivo
2023-01-11,No Festivo
2023-01-12,No Festivo
2023-01-13,No Festivo
2023-01-14,Sábado
2023-01-15,Domingo
2023-01-16,No Festivo
2023-01-17,No Festivo
2023-01-18,No Festivo
2023-01-19,No Festivo
2023-01-20,No Festivo
2023-01-21,Sábado
2023-01-22,Domingo
2023-01-23,No Festivo
2023-01-24,No Festivo
2023-01-25,No Festivo
2023-01-26,No Festivo
2023-01-27,No Festivo
2023-01-28,Sábado
2023-01-29,Domingo
2023-01-30,No Festivo
2023-01-31,No Festivo
2023-02-01,No Festivo
2023-02-02,No Festivo
2023-02-03,No Festivo
2023-02-04,Sábado
2023-02-05,Domingo
2023-02-06,No Festivo
2023-02-07,No Festivo
2023-02-08,No Festivo
2023-02-09,No Festivo
2023-02-10,No Festivo
2023-02-11,Sábado
2023-02-12,Domingo
2023-02-13,No Festivo
2023-02-14,No Festivo
2023-02-15,No Festivo
2023-02-16,No Festivo
2023-02-17,No Festivo
2023-02-18,Sábado
2023-02-19,Domingo
2023-02-20,No Festivo
2023-02-21,No Festivo
2023-02-22,No Festivo
2023-02-23,No Festivo
2023-02-24,No Festivo
2023-02-25,Sábado
2023-02-26,Domingo
2023-02-27,No Festivo
2023-02-28,No Festivo
2023-03-01,No Festivo
2023-03-02,No Festivo
2023-03-03,No Festivo
2023-03-04,Sábado
2023-03-05,Domingo
2023-03-06,No Festivo
2023-03-07,No Festivo
2023-03-08,No Festivo
2023-03-09,No Festivo
2023-03-10,No Festivo
2023-03-11,Sábado
2023-03-12,Domingo
2023-03-13,No Festivo
2023-03-14,No Festivo
2023-03-15,No Festivo
2023-03-16,No Festivo
2023-03-17,No Festivo
2023-03-18,Sábado
2023-03-19,Domingo
2023-03-20,Festivo
2023-03-21,No Festivo
2023-03-22,No Festivo
2023-03-23,No Festivo
2023-03-24,No Festivo
2023-03-25,Sábado
2023-03-26,Domingo
2023-03-27,No Festivo
2023-03-28,No Festivo
2023-03-29,No Festivo
2023-03-30,No Festivo
2023-03-31,No Festivo
2023-04-01,Sábado
2023-04-02,Domingo
2023-04-03,No Festivo
2023-04-04,No Festivo
2023-04-05,No Festivo
2023-04-06,Festivo
2023-04-07,Festivo
2023-04-08,Sábado
2023-04-09,Domingo
2023-04-10,No Festivo
2023-04-11,No Festivo
2023-04-12,No Festivo
2023-04-13,No Festivo
2023-04-14,No Festivo
2023-04-15,Sábado
2023-04-16,Domingo
2023-04-17,No Festivo
2023-04-18,No Festivo
2023-04-19,No Festivo
2023-04-20,No Festivo
2023-04-21,No Festivo
2023-04-22,Sábado
2023-04-23,Domingo
2023-04-24,No Festivo
2023-04-25,No Festivo
2023-04-26,No Festivo
2023-04-27,No Festivo
2023-04-28,No Festivo
2023-04-29,Sábado
2023-04-30,Domingo
2023-05-01,Festivo
2023-05-02,No Festivo
2023-05-03,No Festivo
2023-05-04,No Festivo
2023-05-05,No Festivo
2023-05-06,Sábado
2023-05-07,Domingo
2023-05-08,No Festivo
2023-05-09,No Festivo
2023-05-10,No Festivo
2023-05-11,No Festivo
2023-05-12,No Festivo
2023-05-13,Sábado
2023-05-14,Domingo
2023-05-15,No Festivo
2023-05-16,No Festivo
2023-05-17,No Festivo
2023-05-18,No Festivo
2023-05-19,No Festivo
2023-05-20,Sábado
2023-05-21,Domingo
2023-05-22,Festivo
2023-05-23,No Festivo
2023-05-24,No Festivo
2023-05-25,No Festivo
2023-05-26,No Festivo
2023-05-27,Sábado
2023-05-28,Domingo
2023-05-29,No Festivo
2023-05-30,No Festivo
2023-05-31,No Festivo
2023-06-01,No Festivo
2023-06-02,No Festivo
2023-06-03,Sábado
2023-06-04,Domingo
2023-06-05,No Festivo
2023-06-06,No Festivo
2023-06-07,No Festivo
2023-06-08,No Festivo
2023-06-09,No Festivo
2023-06-10,Sábado
2023-06-11,Domingo
2023-06-12,Festivo
2023-06-13,No Festivo
2023-06-14,No Festivo
2023-06-15,No Festivo
2023-06-16,No Festivo
2023-06-17,Sábado
2023-06-18,Domingo
2023-06-19,Festivo
2023-06-20,No Festivo
2023-06-21,No Festivo
2023-06-22,No Festivo
2023-06-23,No Festivo
2023-06-24,Sábado
2023-06-25,Domingo
2023-06-26,No Festivo
2023-06-27,No Festivo
2023-06-28,No Festivo
2023-06-29,No Festivo
2023-06-30,No Festivo
2023-07-01,Sábado
2023-07-02,Domingo
2023-07-03,Festivo
2023-07-04,No Festivo
2023-07-05,No Festivo
2023-07-06,No Festivo
2023-07-07,No Festivo
2023-07-08,Sábado
2023-07-09,Domingo
2023-07-10,No Festivo
2023-07-11,No Festivo
2023-07-12,No Festivo
2023-07-13,No Festivo
2023-07-14,No Festivo
2023-07-15,Sábado
2023-07-16,Domingo
2023-07-17,No Festivo
2023-07-18,No Festivo
2023-07-19,No Festivo
2023-07-20,Festivo
2023-07-21,No Festivo
2023-07-22,Sábado
2023-07-23,Domingo
2023-07-24,No Festivo
2023-07-25,No Festivo
2023-07-26,No Festivo
2023-07-27,No Festivo
2023-07-28,No Festivo
2023-07-29,Sábado
2023-07-30,Domingo
2023-07-31,No Festivo
2023-08-01,No Festivo
2023-08-02,No Festivo
2023-08-03,No Festivo
2023-08-04,No Festivo
2023-08-05,Sábado
2023-08-06,Domingo
2023-08-07,Festivo
2023-08-08,No Festivo
2023-08-09,No Festivo
2023-08-10,No Festivo
2023-08-11,No Festivo
2023-08-12,Sábado
2023-08-13,Domingo
2023-08-14,No Festivo
2023-08-15,No Festivo
2023-08-16,No Festivo
2023-08-17,No Festivo
2023-08-18,No Festivo
2023-08-19,Sábado
2023-08-20,Domingo
2023-08-21,Festivo
2023-08-22,No Festivo
2023-08-23,No Festivo
2023-08-24,No Festivo
2023-08-25,No Festivo
2023-08-26,Sábado
2023-08-27,Domingo
2023-08-28,No Festivo
2023-08-29,No Festivo
2023-08-30,No Festivo
2023-08-31,No Festivo
2023-09-01,No Festivo
2023-09-02,Sábado
2023-09-03,Domingo
2023-09-04,No Festivo
2023-09-05,No Festivo
2023-09-06,No Festivo
2023-09-07,No Festivo
2023-09-08,No Festivo
2023-09-09,Sábado
2023-09-10,Domingo
2023-09-11,No Festivo
2023-09-12,No Festivo
2023-09-13,No Festivo
2023-09-14,No Festivo
2023-09-15,No Festivo
2023-09-16,Sábado
2023-09-17,Domingo
2023-09-18,No Festivo
2023-09-19,No Festivo
2023-09-20,No Festivo
2023-09-21,No Festivo
2023-09-22,No Festivo
2023-09-23,Sábado
2023-09-24,Domingo
2023-09-25,No Festivo
2023-09-26,No Festivo
2023-09-27,No Festivo
2023-09-28,No Festivo
2023-09-29,No Festivo
2023-09-30,Sábado
2023-10-01,Domingo
2023-10-02,No Festivo
2023-10-03,No Festivo
2023-10-04,No Festivo
2023-10-05,No Festivo
2023-10-06,No Festivo
2023-10-07,Sábado
2023-10-08,Domingo
2023-10-09,No Festivo
2023-10-10,No Festivo
2023-10-11,No Festivo
2023-10-12,No Festivo
2023-10-13,No Festivo
2023-10-14,Sábado
2023-10-15,Domingo
2023-10-16,Festivo
2023-10-17,No Festivo
2023-10-18,No Festivo
2023-10-19,No Festivo
2023-10-20,No Festivo
2023-10-21,Sábado
2023-10-22,Domingo
2023-10-23,No Festivo
2023-10-24,No Festivo
2023-10-25,No Festivo
2023-10-26,No Festivo
2023-10-27,No Festivo
2023-10-28,Sábado
2023-10-29,Domingo
2023-10-30,No Festivo
2023-10-31,No Festivo
2023-11-01,No Festivo
2023-11-02,No Festivo
2023-11-03,No Festivo
2023-11-04,Sábado
2023-11-05,Domingo
2023-11-06,Festivo
2023-11-07,No Festivo
2023-11-08,No Festivo
2023-11-09,No Festivo
2023-11-10,No Festivo
2023-11-11,Sábado
2023-11-12,Domingo
2023-11-13,Festivo
2023-11-14,No Festivo
2023-11-15,No Festivo
2023-11-16,No Festivo
2023-11-17,No Festivo
2023-11-18,Sábado
2023-11-19,Domingo
2023-11-20,No Festivo
2023-11-21,No Festivo
2023-11-22,No Festivo
2023-11-23,No Festivo
2023-11-24,No Festivo
2023-11-25,Sábado
2023-11-26,Domingo
2023-11-27,No Festivo
2023-11-28,No Festivo
2023-11-29,No Festivo
2023-11-30,No Festivo
2023-12-01,No Festivo
2023-12-02,Sábado
2023-12-03,Domingo
2023-12-04,No Festivo
2023-12-05,No Festivo
2023-12-06,No Festivo
2023-12-07,No Festivo
2023-12-08,Festivo
2023-12-09,Sábado
2023-12-10,Domingo
2023-12-11,No Festivo
2023-12-12,No Festivo
2023-12-13,No Festivo
2023-12-14,No Festivo
2023-12-15,No Festivo
2023-12-16,Sábado
2023-12-17,Domingo
2023-12-18,No Festivo
2023-12-19,No Festivo
2023-12-20,No Festivo
2023-12-21,No Festivo
2023-12-22,No Festivo
2023-12-23,Sábado
2023-12-24,Domingo
2023-12-25,Festivo
2023-12-26,No Festivo
2023-12-27,No Festivo
2023-12-28,No Festivo
2023-12-29,No Festivo
2023-12-30,Sábado
2023-12-31,Domingo
2024-01-01,Festivo
2024-01-02,No Festivo
2024-01-03,No Festivo
2024-01-04,No Festivo
2024-01-05,No Festivo
2024-01-06,Sábado
2024-01-07,Domingo
2024-01-08,Festivo
2024-01-09,No Festivo
2024-01-10,No Festivo
2024-01-11,No Festivo
2024-01-12,No Festivo
2024-01-13,Sábado
2024-01-14,Domingo
2024-01-15,No Festivo
2024-01-16,No Festivo
2024-01-17,No Festivo
2024-01-18,No Festivo
2024-01-19,No Festivo
2024-01-20,Sábado
2024-01-21,Domingo
2024-01-22,No Festivo
2024-01-23,No Festivo
2024-01-24,No Festivo
2024-01-25,No Festivo
2024-01-26,No Festivo
2024-01-27,Sábado
2024-01-28,Domingo
2024-01-29,No Festivo
2024-01-30,No Festivo
2024-01-31,No Festivo
2024-02-01,No Festivo
2024-02-02,No Festivo
2024-02-03,Sábado
2024-02-04,Domingo
2024-02-05,No Festivo
2024-02-06,No Festivo
2024-02-07,No Festivo
2024-02-08,No Festivo
2024-02-09,No Festivo
2024-02-10,Sábado
2024-02-11,Domingo
2024-02-12,No Festivo
2024-02-13,No Festivo
2024-02-14,No Festivo
2024-02-15,No Festivo
2024-02-16,No Festivo
2024-02-17,Sábado
2024-02-18,Domingo
2024-02-19,No Festivo
2024-02-20,No Festivo
2024-02-21,No Festivo
2024-02-22,No Festivo
2024-02-23,No Festivo
2024-02-24,Sábado
2024-02-25,Domingo
2024-02-26,No Festivo
2024-02-27,No Festivo
2024-02-28,No Festivo
2024-02-29,No Festivo
2024-03-01,No Festivo
2024-03-02,Sábado
2024-03-03,Domingo
2024-03-04,No Festivo
2024-03-05,No Festivo
2024-03-06,No Festivo
2024-03-07,No Festivo
2024-03-08,No Festivo
2024-03-09,Sábado
2024-03-10,Domingo
2024-03-11,No Festivo
2024-03-12,No Festivo
2024-03-13,No Festivo
2024-03-14,No Festivo
2024-03-15,No Festivo
2024-03-16,Sábado
2024-03-17,Domingo
2024-03-18,No Festivo
2024-03-19,No Festivo
2024-03-20,No Festivo
2024-03-21,No Festivo
2024-03-22,No Festivo
2024-03-23,Sábado
2024-03-24,Domingo
2024-03-25,Festivo
2024-03-26,No Festivo
2024-03-27,No Festivo
2024-03-28,Festivo
2024-03-29,Festivo
2024-03-30,Sábado
2024-03-31,Domingo
2024-04-01,No Festivo
2024-04-02,No Festivo
2024-04-03,No Festivo
2024-04-04,No Festivo
2024-04-05,No Festivo
2024-04-06,Sábado
2024-04-07,Domingo
2024-04-08,No Festivo
2024-04-09,No Festivo
2024-04-10,No Festivo
2024-04-11,No Festivo
2024-04-12,No Festivo
2024-04-13,Sábado
2024-04-14,Domingo
2024-04-15,No Festivo
2024-04-16,No Festivo
2024-04-17,No Festivo
2024-04-18,No Festivo
2024-04-19,No Festivo
2024-04-20,Sábado
2024-04-21,Domingo
2024-04-22,No Festivo
2024-04-23,No Festivo
2024-04-24,No Festivo
2024-04-25,No Festivo
2024-04-26,No Festivo
2024-04-27,Sábado
2024-04-28,Domingo
2024-04-29,No Festivo
2024-04-30,No Festivo
2024-05-01,Festivo
2024-05-02,No Festivo
2024-05-03,No Festivo
2024-05-04,Sábado
2024-05-05,Domingo
2024-05-06,No Festivo
2024-05-07,No Festivo
2024-05-08,No Festivo
2024-05-09,No Festivo
2024-05-10,No Festivo
2024-05-11,Sábado
2024-05-12,Domingo
2024-05-13,Festivo
2024-05-14,No Festivo
2024-05-15,No Festivo
2024-05-16,No Festivo
2024-05-17,No Festivo
2024-05-18,Sábado
2024-05-19,Domingo
2024-05-20,No Festivo
2024-05-21,No Festivo
2024-05-22,No Festivo
2024-05-23,No Festivo
2024-05-24,No Festivo
2024-05-25,Sábado
2024-05-26,Domingo
2024-05-27,No Festivo
2024-05-28,No Festivo
2024-05-29,No Festivo
2024-05-30,No Festivo
2024-05-31,No Festivo
2024-06-01,Sábado
2024-06-02,Domingo
2024-06-03,Festivo
2024-06-04,No Festivo
2024-06-05,No Festivo
2024-06-06,No Festivo
2024-06-07,No Festivo
2024-06-08,Sábado
2024-06-09,Domingo
2024-06-10,Festivo
2024-06-11,No Festivo
2024-06-12,No Festivo
2024-06-13,No Festivo
2024-06-14,No Festivo
2024-06-15,Sábado
2024-06-16,Domingo
2024-06-17,No Festivo
2024-06-18,No Festivo
2024-06-19,No Festivo
2024-06-20,No Festivo
2024-06-21,No Festivo
2024-06-22,Sábado
2024-06-23,Domingo
2024-06-24,No Festivo
2024-06-25,No Festivo
2024-06-26,No Festivo
2024-06-27,No Festivo
2024-06-28,No Festivo
2024-06-29,Sábado
2024-06-30,Domingo
2024-07-01,Festivo
2024-07-02,No Festivo
2024-07-03,No Festivo
2024-07-04,No Festivo
2024-07-05,No Festivo
2024-07-06,Sábado
2024-07-07,Domingo
2024-07-08,No Festivo
2024-07-09,No Festivo
2024-07-10,No Festivo
2024-07-11,No Festivo
2024-07-12,No Festivo
2024-07-13,Sábado
2024-07-14,Domingo
2024-07-15,No Festivo
2024-07-16,No Festivo
2024-07-17,No Festivo
2024-07-18,No Festivo
2024-07-19,No Festivo
2024-07-20,Festivo
2024-07-21,Domingo
2024-07-22,No Festivo
2024-07-23,No Festivo
2024-07-24,No Festivo
2024-07-25,No Festivo
2024-07-26,No Festivo
2024-07-27,Sábado
2024-07-28,Domingo
2024-07-29,No Festivo
2024-07-30,No Festivo
2024-07-31,No Festivo
2024-08-01,No Festivo
2024-08-02,No Festivo
2024-08-03,Sábado
2024-08-04,Domingo
2024-08-05,No Festivo
2024-08-06,No Festivo
2024-08-07,Festivo
2024-08-08,No Festivo
2024-08-09,No Festivo
2024-08-10,Sábado
2024-08-11,Domingo
2024-08-12,No Festivo
2024-08-13,No Festivo
2024-08-14,No Festivo
2024-08-15,No Festivo
2024-08-16,No Festivo
2024-08-17,Sábado
2024-08-18,Domingo
2024-08-19,Festivo
2024-08-20,No Festivo
2024-08-21,No Festivo
2024-08-22,No Festivo
2024-08-23,No Festivo
2024-08-24,Sábado
2024-08-25,Domingo
2024-08-26,No Festivo
2024-08-27,No Festivo
2024-08-28,No Festivo
2024-08-29,No Festivo
2024-08-30,No Festivo
2024-08-31,Sábado
2024-09-01,Domingo
2024-09-02,No Festivo
2024-09-03,No Festivo
2024-09-04,No Festivo
2024-09-05,No Festivo
2024-09-06,No Festivo
2024-09-07,Sábado
2024-09-08,Domingo
2024-09-09,No Festivo
2024-09-10,No Festivo
2024-09-11,No Festivo
2024-09-12,No Festivo
2024-09-13,No Festivo
2024-09-14,Sábado
2024-09-15,Domingo
2024-09-16,No Festivo
2024-09-17,No Festivo
2024-09-18,No Festivo
2024-09-19,No Festivo
2024-09-20,No Festivo
2024-09-21,Sábado
2024-09-22,Domingo
2024-09-23,No Festivo
2024-09-24,No Festivo
2024-09-25,No Festivo
2024-09-26,No Festivo
2024-09-27,No Festivo
2024-09-28,Sábado
2024-09-29,Domingo
2024-09-30,No Festivo
